{"users":[{"username":"zercle","email":"email@zercle.com","chkDate":"2020-05-05","gender":"male","fav-pet":"doggo catto duckko"},{"username":"jirot joe","email":"email2@email.com","chkDate":"2020-05-05","gender":"male","fav-pet":"doggo"},{"username":"kevin edited","email":"kevin@email.com","chkDate":"2020-05-07","gender":"male","fav-pet":"doggo catto"},{"username":"jirot joe","email":"joe16723@gmail.com","chkDate":"2020-05-13","gender":"male","fav-pet":"doggo catto","null":""},{"username":"jirot joe","email":"test@test.com","chkDate":"2020-05-13","gender":"male","fav-pet":"doggo catto","null":""}]}